text,head,count
qanon,qanon,497
retrieved,retrieved,249
trump,trump,225
conspiracy,conspiracy,211
august,august,158
theory,theory,107
october,october,101
q,q,93
january,january,80
july,july,77
news,news,71
september,september,63
new,new,57
theories,theories,56
b,b,54
twitter,twitter,54
november,november,52
media,media,50
post,post,48
facebook,facebook,48
followers,followers,46
right,right,46
december,december,41
republican,republican,41
washington,washington,39
times,times,38
march,march,37
april,april,37
daily,daily,36
anti,anti,36
accounts,accounts,35
february,february,33
united,united,32
states,states,30
election,election,29
social,social,29
president,president,29
said,said,28
york,york,28
people,people,28
fbi,fbi,27
movement,movement,26
biden,biden,26
related,related,26
capitol,capitol,25
groups,groups,24
original,original,23
beast,beast,23
c,c,23
donald,donald,23
child,child,23
video,video,23
archived,archived,22
posts,posts,22
group,group,22
spread,spread,22
false,false,22
cnn,cnn,22
online,online,21
claims,claims,21
issn,issn,21
white,white,21
according,according,21
campaign,campaign,21
michael,michael,21
june,june,21
nbc,nbc,21
rally,rally,20
supporters,supporters,20
internet,internet,20
children,children,19
wing,wing,19
america,america,18
pizzagate,pizzagate,18
storm,storm,18
claimed,claimed,18
called,called,18
cult,cult,18
day,day,18
clinton,clinton,18
arrested,arrested,17
far,far,17
support,support,17
says,says,17
adherents,adherents,17
man,man,17
app,app,16
house,house,16
police,police,16
domestic,domestic,16
russian,russian,16
sex,sex,16
world,world,16
secret,secret,15
failed,failed,15
threat,threat,15
multiple,multiple,15
political,political,15
use,use,15
trafficking,trafficking,15
predictions,predictions,15
matthew,matthew,15
government,government,15
know,know,15
state,state,14
anonymous,anonymous,14
national,national,14
time,time,14
youtube,youtube,14
members,members,14
john,john,14
american,american,14
information,information,14
violence,violence,14
flag,flag,14
inauguration,inauguration,14
claim,claim,14
kevin,kevin,14
believers,believers,14
cabal,cabal,13
primary,primary,13
including,including,13
mike,mike,13
satanic,satanic,13
hashtag,hashtag,13
ring,ring,13
flynn,flynn,13
press,press,13
content,content,13
event,event,13
sommer,sommer,13
like,like,13
hillary,hillary,13
presidential,presidential,12
congress,congress,12
congressional,congressional,12
terrorism,terrorism,12
pro,pro,12
insider,insider,12
d,d,12
murder,murder,12
ben,ben,12
fake,fake,12
believe,believe,12
security,security,12
reported,reported,12
semitic,semitic,12
report,report,12
later,later,12
arrest,arrest,11
joe,joe,11
intelligence,intelligence,11
known,known,11
business,business,11
posted,posted,11
alex,alex,11
candidate,candidate,11
attorney,attorney,11
mass,mass,11
party,party,11
oath,oath,11
family,family,11
identity,identity,11
poster,poster,11
asked,asked,10
promoted,promoted,10
linked,linked,10
network,network,10
senate,senate,10
heard,heard,10
independent,independent,10
taken,taken,10
published,published,10
texas,texas,10
pence,pence,10
paul,paul,10
shooting,shooting,10
death,death,10
tom,tom,10
account,account,10
center,center,10
found,found,10
storming,storming,10
tweet,tweet,10
high,high,10
black,black,10
slogan,slogan,9
view,view,9
antisemitic,antisemitic,9
general,general,9
beliefs,beliefs,9
based,based,9
evidence,evidence,9
conspiracies,conspiracies,9
defamation,defamation,9
baseless,baseless,9
david,david,9
george,george,9
days,days,9
agency,agency,9
following,following,9
store,store,9
jones,jones,9
vox,vox,9
supporter,supporter,9
watch,watch,9
great,great,9
digital,digital,9
league,league,9
analysis,analysis,9
rothschild,rothschild,9
department,department,9
real,real,9
qdrops,qdrops,9
reddit,reddit,9
roose,roose,9
zadrozny,zadrozny,9
retweeted,retweeted,9
candidates,candidates,9
gop,gop,9
brandy,brandy,9
announced,announced,9
large,large,9
democratic,democratic,9
identified,identified,8
office,office,8
chris,chris,8
dam,dam,8
attack,attack,8
resolution,resolution,8
role,role,8
leading,leading,8
article,article,8
led,led,8
matters,matters,8
hoover,hoover,8
pages,pages,8
school,school,8
guardian,guardian,8
dot,dot,8
board,board,8
prim,prim,8
collins,collins,8
brian,brian,8
investigation,investigation,8
popular,popular,8
saying,saying,8
buzzfeed,buzzfeed,8
fringe,fringe,8
running,running,8
cali,cali,8
incidents,incidents,8
misinformation,misinformation,8
lauren,lauren,8
kennedy,kennedy,8
true,true,8
allegations,allegations,8
military,military,8
global,global,8
thousands,thousands,8
memo,memo,8
antifa,antifa,7
war,war,7
early,early,7
democrats,democrats,7
jack,jack,7
richard,richard,7
religious,religious,7
boebert,boebert,7
deleted,deleted,7
king,king,7
flight,flight,7
inside,inside,7
reactions,reactions,7
cults,cults,7
message,message,7
extremists,extremists,7
james,james,7
country,country,7
international,international,7
operation,operation,7
began,began,7
apparent,apparent,7
control,control,7
believed,believed,7
going,going,7
involved,involved,7
week,week,7
deep,deep,7
pedophiles,pedophiles,7
connected,connected,7
apple,apple,7
uk,uk,7
district,district,7
patch,patch,7
backed,backed,7
voting,voting,7
place,place,7
republicans,republicans,7
rumors,rumors,7
jewish,jewish,7
daniel,daniel,7
team,team,7
individuals,individuals,7
kidnapping,kidnapping,7
likely,likely,7
amplified,amplified,7
link,link,7
arizona,arizona,7
left,left,7
associated,associated,7
theorists,theorists,7
violent,violent,7
terror,terror,7
removed,removed,7
savethechildren,savethechildren,7
protests,protests,7
official,official,7
e,e,7
incident,incident,7
robert,robert,7
hollywood,hollywood,7
need,need,6
level,level,6
claiming,claiming,6
administration,administration,6
retweeting,retweeting,6
platforms,platforms,6
reference,reference,6
future,future,6
end,end,6
months,months,6
congressman,congressman,6
major,major,6
magazine,magazine,6
hearing,hearing,6
tweets,tweets,6
spanish,spanish,6
soros,soros,6
andrew,andrew,6
described,described,6
run,run,6
belief,belief,6
second,second,6
signs,signs,6
action,action,6
inspired,inspired,6
en,en,6
explained,explained,6
denied,denied,6
woman,woman,6
prominent,prominent,6
comello,comello,6
rallies,rallies,6
self,self,6
list,list,6
anons,anons,6
plan,plan,6
christian,christian,6
abuse,abuse,6
communities,communities,6
alt,alt,6
driving,driving,6
community,community,6
instagram,instagram,6
blood,blood,6
activists,activists,6
elections,elections,6
sanders,sanders,6
valley,valley,6
red,red,6
posting,posting,6
julia,julia,6
near,near,6
human,human,6
maxwell,maxwell,6
rosenberg,rosenberg,6
way,way,6
attempt,attempt,6
dangerous,dangerous,6
charged,charged,6
affiliated,affiliated,6
tampa,tampa,6
oregon,oregon,6
member,member,6
ghislaine,ghislaine,6
malinowski,malinowski,6
court,court,6
officials,officials,6
created,created,6
hate,hate,6
swat,swat,6
threats,threats,6
ceo,ceo,6
florida,florida,6
avenatti,avenatti,6
wants,wants,6
outside,outside,6
harassment,harassment,6
videos,videos,6
ii,ii,6
ban,ban,6
georgia,georgia,6
personal,personal,6
watkins,watkins,6
men,men,6
appeared,appeared,6
theorist,theorist,6
barr,barr,6
convention,convention,6
genocide,genocide,6
century,century,5
jason,jason,5
wright,wright,5
justice,justice,5
german,german,5
era,era,5
el,el,5
remove,remove,5
civil,civil,5
cia,cia,5
actually,actually,5
viral,viral,5
city,city,5
influence,influence,5
years,years,5
seat,seat,5
survey,survey,5
research,research,5
supposed,supposed,5
women,women,5
de,de,5
secretly,secretly,5
number,number,5
nominee,nominee,5
colorado,colorado,5
host,host,5
scheduled,scheduled,5
activity,activity,5
year,year,5
game,game,5
asking,asking,5
included,included,5
russia,russia,5
fraud,fraud,5
elected,elected,5
changed,changed,5
removes,removes,5
accused,accused,5
calling,calling,5
republic,republic,5
germany,germany,5
home,home,5
expressed,expressed,5
targeted,targeted,5
numerous,numerous,5
bump,bump,5
leaders,leaders,5
disinformation,disinformation,5
building,building,5
disillusionment,disillusionment,5
think,think,5
roseanne,roseanne,5
rogers,rogers,5
save,save,5
votes,votes,5
tripcode,tripcode,5
month,month,5
google,google,5
taking,taking,5
mark,mark,5
grass,grass,5
bill,bill,5
told,told,5
involving,involving,5
politico,politico,5
went,went,5
fact,fact,5
stanley,stanley,5
society,society,5
corporation,corporation,5
isaac,isaac,5
references,references,5
costa,costa,5
release,release,5
efforts,efforts,5
big,big,5
organizations,organizations,5
neo,neo,5
tucson,tucson,5
point,point,5
events,events,5
director,director,5
bbc,bbc,5
understand,understand,5
plot,plot,5
making,making,5
becker,becker,5
photo,photo,5
website,website,5
behavior,behavior,5
frank,frank,5
philip,philip,5
charter,charter,5
wearing,wearing,5
believer,believer,5
help,help,5
coup,coup,5
cover,cover,5
la,la,5
steve,steve,5
strong,strong,5
received,received,5
blue,blue,5
alleged,alleged,5
criminal,criminal,5
bombing,bombing,5
story,story,5
americans,americans,5
late,late,5
crowd,crowd,5
organized,organized,5
sent,sent,5
tweeted,tweeted,5
missing,missing,5
evil,evil,5
pandemic,pandemic,5
joseph,joseph,5
conference,conference,5
mendoza,mendoza,5
falsely,falsely,5
key,key,5
developed,developed,5
condemn,condemn,5
potential,potential,5
castle,castle,5
praises,praises,5
vice,vice,5
earlier,earlier,4
rebranded,rebranded,4
extremism,extremism,4
lawyer,lawyer,4
details,details,4
citizen,citizen,4
inaugurated,inaugurated,4
charges,charges,4
impeachment,impeachment,4
religion,religion,4
miracle,miracle,4
lost,lost,4
motto,motto,4
planning,planning,4
dedicated,dedicated,4
counter,counter,4
patriot,patriot,4
pedophile,pedophile,4
person,person,4
planned,planned,4
plant,plant,4
mueller,mueller,4
directly,directly,4
mainstream,mainstream,4
main,main,4
connection,connection,4
politics,politics,4
maga,maga,4
participants,participants,4
crackdown,crackdown,4
jon,jon,4
mary,mary,4
order,order,4
culture,culture,4
emerge,emerge,4
johnson,johnson,4
custody,custody,4
embrace,embrace,4
discussing,discussing,4
dan,dan,4
north,north,4
jews,jews,4
data,data,4
obama,obama,4
nypd,nypd,4
politifact,politifact,4
nearly,nearly,4
poll,poll,4
comey,comey,4
miller,miller,4
r,r,4
elders,elders,4
energy,energy,4
mysterious,mysterious,4
electoral,electoral,4
pushed,pushed,4
justin,justin,4
proud,proud,4
protocols,protocols,4
individual,individual,4
named,named,4
influential,influential,4
denial,denial,4
coming,coming,4
por,por,4
commonly,commonly,4
live,live,4
lives,lives,4
livestream,livestream,4
london,london,4
kyle,kyle,4
company,company,4
los,los,4
present,present,4
instead,instead,4
interest,interest,4
condemning,condemning,4
jim,jim,4
love,love,4
emails,emails,4
law,law,4
wired,wired,4
speculated,speculated,4
boys,boys,4
griffin,griffin,4
today,today,4
took,took,4
wildfire,wildfire,4
actions,actions,4
attacks,attacks,4
sean,sean,4
witzke,witzke,4
bay,bay,4
travis,travis,4
anon,anon,4
ann,ann,4
attempts,attempts,4
financial,financial,4
forbes,forbes,4
troll,troll,4
working,working,4
trolls,trolls,4
federal,federal,4
satan,satan,4
sarah,sarah,4
hayes,hayes,4
similar,similar,4
wrote,wrote,4
trying,trying,4
california,california,4
hampshire,hampshire,4
spreading,spreading,4
spreads,spreads,4
sovereign,sovereign,4
southern,southern,4
camp,camp,4
figures,figures,4
wo,wo,4
bizarre,bizarre,4
television,television,4
western,western,4
term,term,4
bleach,bleach,4
taylor,taylor,4
showing,showing,4
showed,showed,4
adrenochrome,adrenochrome,4
arrests,arrests,4
armored,armored,4
figure,figure,4
slate,slate,4
assault,assault,4
appeal,appeal,4
thread,thread,4
shared,shared,4
follower,follower,4
hill,hill,4
seth,seth,4
sessions,sessions,4
service,service,4
apps,apps,4
historical,historical,4
soldiers,soldiers,4
appreciates,appreciates,4
soon,soon,4
asserted,asserted,4
tintagel,tintagel,4
came,came,4
ad,ad,4
analyst,analyst,4
harvesting,harvesting,4
suggested,suggested,4
william,william,4
version,version,4
banned,banned,4
foundation,foundation,4
stop,stop,4
repeatedly,repeatedly,4
ali,ali,4
free,free,4
giuliani,giuliani,4
fire,fire,4
hours,hours,4
rudy,rudy,4
stanton,stanton,4
hypothesis,hypothesis,4
rich,rich,4
baked,baked,4
rica,rica,4
review,review,4
harris,harris,4
fox,fox,4
started,started,4
alexander,alexander,4
bans,bans,4
reuters,reuters,4
central,central,4
gone,gone,4
ron,ron,4
vote,vote,4
responded,responded,4
aide,aide,4
stone,stone,4
fires,fires,4
freedom,freedom,4
virginia,virginia,4
hope,hope,4
address,address,4
adl,adl,4
win,win,4
alaska,alaska,4
good,good,4
rolling,rolling,4
car,car,4
goldberg,goldberg,4
overturn,overturn,3
jessica,jessica,3
elite,elite,3
parler,parler,3
observer,observer,3
guilty,guilty,3
williams,williams,3
jackson,jackson,3
street,street,3
date,date,3
guthrie,guthrie,3
occasionally,occasionally,3
panic,panic,3
crime,crime,3
wild,wild,3
streaming,streaming,3
elizabeth,elizabeth,3
dominion,dominion,3
hand,hand,3
jeff,jeff,3
attended,attended,3
donovan,donovan,3
organize,organize,3
attention,attention,3
opinion,opinion,3
es,es,3
knowledge,knowledge,3
hall,hall,3
wildfires,wildfires,3
cultural,cultural,3
summit,summit,3
suicide,suicide,3
jared,jared,3
origin,origin,3
cryptic,cryptic,3
asserting,asserting,3
jerome,jerome,3
targeting,targeting,3
jake,jake,3
talk,talk,3
takes,takes,3
subreddit,subreddit,3
associates,associates,3
crokin,crokin,3
origins,origins,3
atlantic,atlantic,3
suspected,suspected,3
administrator,administrator,3
old,old,3
omar,omar,3
happen,happen,3
corners,corners,3
growing,growing,3
telegraphic,telegraphic,3
unauthorized,unauthorized,3
marjorie,marjorie,3
usa,usa,3
update,update,3
millions,millions,3
encouraged,encouraged,3
mineral,mineral,3
mantyla,mantyla,3
goes,goes,3
warfare,warfare,3
mitchell,mitchell,3
wayfair,wayfair,3
amanda,amanda,3
amendment,amendment,3
kelly,kelly,3
deputy,deputy,3
keller,keller,3
keepers,keepers,3
warns,warns,3
mother,mother,3
motivated,motivated,3
uss,uss,3
meyer,meyer,3
killed,killed,3
messages,messages,3
aids,aids,3
material,material,3
means,means,3
views,views,3
victory,victory,3
meeting,meeting,3
memes,memes,3
ahead,ahead,3
want,want,3
gionet,gionet,3
francis,francis,3
martin,martin,3
menn,menn,3
different,different,3
allegedly,allegedly,3
marketplace,marketplace,3
merchandise,merchandise,3
aggravated,aggravated,3
dickson,dickson,3
moved,moved,3
movements,movements,3
davis,davis,3
thomas,thomas,3
majority,majority,3
newport,newport,3
defeated,defeated,3
defeat,defeat,3
journal,journal,3
appears,appears,3
stephen,stephen,3
newsweek,newsweek,3
tied,tied,3
things,things,3
malaysia,malaysia,3
email,email,3
websites,websites,3
notable,notable,3
notes,notes,3
weill,weill,3
armed,armed,3
mail,mail,3
text,text,3
terms,terms,3
defense,defense,3
makes,makes,3
judge,judge,3
delaware,delaware,3
truth,truth,3
kaplan,kaplan,3
trumpism,trumpism,3
truck,truck,3
trope,trope,3
kalergi,kalergi,3
angela,angela,3
angeles,angeles,3
angeli,angeli,3
form,form,3
foreign,foreign,3
anthony,anthony,3
nationalism,nationalism,3
greene,greene,3
nazi,nazi,3
gregory,gregory,3
tower,tower,3
antisemitism,antisemitism,3
ap,ap,3
steven,steven,3
voter,voter,3
particularly,particularly,3
acosta,acosta,3
pseudonymous,pseudonymous,3
lewis,lewis,3
broward,broward,3
increasingly,increasingly,3
saveourchildren,saveourchildren,3
pushing,pushing,3
clues,clues,3
salon,salon,3
closely,closely,3
qmap,qmap,3
quality,quality,3
include,include,3
inciting,inciting,3
qué,qué,3
clearance,clearance,3
calls,calls,3
classified,classified,3
incite,incite,3
calm,calm,3
ruelas,ruelas,3
rtve,rtve,3
scandal,scandal,3
feed,feed,3
drop,drop,3
holding,holding,3
problem,problem,3
process,process,3
stella,stella,3
infowars,infowars,3
lin,lin,3
project,project,3
limited,limited,3
words,words,3
promoter,promoter,3
promoting,promoting,3
columbia,columbia,3
secrets,secrets,3
break,break,3
secretary,secretary,3
season,season,3
search,search,3
proponents,proponents,3
expert,expert,3
work,work,3
coleman,coleman,3
feeling,feeling,3
rozsa,rozsa,3
citing,citing,3
access,access,3
racism,racism,3
cause,cause,3
abduction,abduction,3
checking,checking,3
check,check,3
abcug,abcug,3
fan,fan,3
abc,abc,3
echoes,echoes,3
leader,leader,3
latin,latin,3
response,response,3
zuckerberg,zuckerberg,3
ilhan,ilhan,3
cement,cement,3
researchers,researchers,3
removal,removal,3
rescue,rescue,3
representing,representing,3
representative,representative,3
faith,faith,3
reporter,reporter,3
referenced,referenced,3
fans,fans,3
reveals,reveals,3
christopher,christopher,3
cited,cited,3
racist,racist,3
gains,gains,3
roberts,roberts,3
rnc,rnc,3
gab,gab,3
abortion,abortion,3
ritual,ritual,3
f,f,3
fabrication,fabrication,3
leaks,leaks,3
able,able,3
imminent,imminent,3
carrie,carrie,3
reality,reality,3
rights,rights,3
case,case,3
rick,rick,3
zion,zion,3
reelection,reelection,3
comments,comments,3
wood,wood,3
private,private,3
barack,barack,3
having,having,3
phenomenon,phenomenon,3
philadelphia,philadelphia,3
spring,spring,3
phoenix,phoenix,3
base,base,3
photos,photos,3
picture,picture,3
continued,continued,3
invasion,invasion,3
basically,basically,3
spicer,spicer,3
speech,speech,3
battle,battle,3
contain,contain,3
interview,interview,3
play,play,3
laden,laden,3
beach,beach,3
existence,existence,3
head,head,3
pew,pew,3
coons,coons,3
conspiracists,conspiracists,3
staffer,staffer,3
babbitt,babbitt,3
paso,paso,3
county,county,3
steal,steal,3
passed,passed,3
background,background,3
statements,statements,3
adding,adding,3
ethan,ethan,3
count,count,3
corsi,corsi,3
island,island,3
eugene,eugene,3
star,star,3
standoff,standoff,3
coronavirus,coronavirus,3
pedophilia,pedophilia,3
embraced,embraced,3
liz,liz,3
stand,stand,3
coordinated,coordinated,3
speaker,speaker,3
specifically,specifically,3
speak,speak,3
portal,portal,3
sparked,sparked,3
posters,posters,3
fight,fight,3
field,field,3
elements,elements,3
shut,shut,3
shown,shown,3
won,won,3
predicted,predicted,3
prediction,prediction,3
compromised,compromised,3
shot,shot,3
institute,institute,3
shortly,shortly,3
completely,completely,3
activities,activities,3
festival,festival,3
shirt,shirt,3
ship,ship,3
sexual,sexual,3
friends,friends,3
semitism,semitism,3
boss,boss,3
porter,porter,3
sign,sign,3
slams,slams,3
solution,solution,3
best,best,3
politicians,politicians,3
source,source,3
heavily,heavily,3
policy,policy,3
conservative,conservative,3
soldier,soldier,3
believing,believing,3
drew,drew,3
site,site,3
fighting,fighting,3
generation,generation,2
geddes,geddes,2
land,land,2
largest,largest,2
knowing,knowing,2
kirn,kirn,2
gate,gate,2
gambino,gambino,2
genius,genius,2
knew,knew,2
latest,latest,2
krishnamoorthi,krishnamoorthi,2
las,las,2
gazeta,gazeta,2
knows,knows,2
gathering,gathering,2
klete,klete,2
g,g,2
ideology,ideology,2
happened,happened,2
kinzinger,kinzinger,2
highly,highly,2
hoax,hoax,2
influencers,influencers,2
hlianon,hlianon,2
infosecurity,infosecurity,2
hiv,hiv,2
hitt,hitt,2
hitler,hitler,2
history,history,2
hillsborough,hillsborough,2
intel,intel,2
indicates,indicates,2
herald,herald,2
henderson,henderson,2
interfering,interfering,2
internal,internal,2
heading,heading,2
interpreted,interpreted,2
interruption,interruption,2
introduced,introduced,2
investigate,investigate,2
hold,hold,2
incumbent,incumbent,2
getting,getting,2
immigration,immigration,2
identitarian,identitarian,2
illinois,illinois,2
ideas,ideas,2
laura,laura,2
image,image,2
imageboard,imageboard,2
imageboards,imageboards,2
images,images,2
immediately,immediately,2
huma,huma,2
increase,increase,2
huge,huge,2
huckabee,huckabee,2
imprisoned,imprisoned,2
hosted,hosted,2
inauthentic,inauthentic,2
hooked,hooked,2
hook,hook,2
holt,holt,2
includes,includes,2
hat,hat,2
hashtags,hashtags,2
isolated,isolated,2
kidnapped,kidnapped,2
journalists,journalists,2
judeo,judeo,2
grapple,grapple,2
kate,kate,2
goodman,goodman,2
kaya,kaya,2
gold,gold,2
gohillary,gohillary,2
gizmodo,gizmodo,2
giving,giving,2
harwell,harwell,2
gives,gives,2
kids,kids,2
kill,kill,2
killer,killer,2
killings,killings,2
giorgia,giorgia,2
gilbert,gilbert,2
ghost,ghost,2
kingdom,kingdom,2
joins,joins,2
guantanamo,guantanamo,2
guard,guard,2
jo,jo,2
itkowitz,itkowitz,2
iyengar,iyengar,2
jacob,jacob,2
harmful,harmful,2
jane,jane,2
japan,japan,2
hannity,hannity,2
japanese,japanese,2
halted,halted,2
hallie,hallie,2
jennifer,jennifer,2
jericho,jericho,2
half,half,2
haberman,haberman,2
jersey,jersey,2
jill,jill,2
gun,gun,2
guide,guide,2
guglielmi,guglielmi,2
idea,idea,2
presence,presence,2
lead,lead,2
shirts,shirts,2
simone,simone,2
similarly,similarly,2
significant,significant,2
siddharth,siddharth,2
sicknick,sicknick,2
shuts,shuts,2
shows,shows,2
shocked,shocked,2
setting,setting,2
small,small,2
sergeant,sergeant,2
sentenced,sentenced,2
sense,sense,2
seitz,seitz,2
segment,segment,2
seen,seen,2
sedition,sedition,2
secure,secure,2
skeptoid,skeptoid,2
soapbox,soapbox,2
refused,refused,2
statement,statement,2
subsequently,subsequently,2
stylometric,stylometric,2
style,style,2
struggles,struggles,2
stormy,stormy,2
stirring,stirring,2
steinhauer,steinhauer,2
staten,staten,2
stated,stated,2
socialist,socialist,2
standing,standing,2
stage,stage,2
staff,staff,2
spin,spin,2
speculation,speculation,2
special,special,2
spain,spain,2
sources,sources,2
se,se,2
screening,screening,2
scrawled,scrawled,2
residents,residents,2
returned,returned,2
result,result,2
restored,restored,2
restore,restore,2
rest,rest,2
responding,responding,2
resistance,resistance,2
resign,resign,2
reputed,reputed,2
scott,scott,2
repeated,repeated,2
renee,renee,2
removing,removing,2
remains,remains,2
released,released,2
relationships,relationships,2
relate,relate,2
rejecting,rejecting,2
revealed,revealed,2
revelations,revelations,2
riot,riot,2
rishi,rishi,2
schaffer,schaffer,2
scenes,scenes,2
satanist,satanist,2
sandy,sandy,2
salvation,salvation,2
sales,sales,2
saccone,saccone,2
runoff,runoff,2
rule,rule,2
rt,rt,2
rothschilds,rothschilds,2
ross,ross,2
rolls,rolls,2
robb,robb,2
rob,rob,2
rms,rms,2
risk,risk,2
suburban,suburban,2
suebsaeng,suebsaeng,2
suggesting,suggesting,2
vast,vast,2
voted,voted,2
vocabulary,vocabulary,2
violating,violating,2
vigilante,vigilante,2
verified,verified,2
venkataramakrishnan,venkataramakrishnan,2
vehicle,vehicle,2
vegas,vegas,2
vanguard,vanguard,2
uncertainty,uncertainty,2
utopia,utopia,2
users,users,2
usedin,usedin,2
usage,usage,2
urged,urged,2
upset,upset,2
unseat,unseat,2
unite,unite,2
wake,wake,2
walter,walter,2
ward,ward,2
warming,warming,2
zionist,zionist,2
zeke,zeke,2
yippy,yippy,2
yahoo,yahoo,2
written,written,2
worshiping,worshiping,2
worse,worse,2
worked,worked,2
wore,wore,2
wong,wong,2
wire,wire,2
wins,wins,2
welfare,welfare,2
weapons,weapons,2
weak,weak,2
watson,watson,2
warned,warned,2
union,union,2
ufos,ufos,2
suggestion,suggestion,2
tarpley,tarpley,2
threads,threads,2
thing,thing,2
thin,thin,2
themed,themed,2
thank,thank,2
teoría,teoría,2
temple,temple,2
tearing,tearing,2
targets,targets,2
typically,typically,2
synagogue,synagogue,2
symbols,symbols,2
suspect,suspect,2
supply,supply,2
super,super,2
sund,sund,2
sullenger,sullenger,2
suggests,suggests,2
ties,ties,2
tim,tim,2
timothy,timothy,2
tip,tip,2
turns,turns,2
turning,turning,2
turn,turn,2
try,try,2
trip,trip,2
tried,tried,2
tribune,tribune,2
tribunals,tribunals,2
trial,trial,2
trespassing,trespassing,2
train,train,2
traffickers,traffickers,2
traditional,traditional,2
tracking,tracking,2
titled,titled,2
titanic,titanic,2
tipton,tipton,2
region,region,2
referred,referred,2
leads,leads,2
mosheh,mosheh,2
narratives,narratives,2
narrative,narrative,2
nación,nación,2
myths,myths,2
murphy,murphy,2
murdered,murdered,2
msnbc,msnbc,2
movimiento,movimiento,2
moral,moral,2
necklace,necklace,2
moon,moon,2
molly,molly,2
modified,modified,2
modern,modern,2
moderator,moderator,2
mob,mob,2
minnesota,minnesota,2
minds,minds,2
nature,nature,2
needed,needed,2
referencing,referencing,2
nrcc,nrcc,2
oig,oig,2
offline,offline,2
officer,officer,2
occur,occur,2
occupation,occupation,2
occidental,occidental,2
occasions,occasions,2
obsessed,obsessed,2
notion,notion,2
nevada,nevada,2
nordic,nordic,2
nordean,nordean,2
non,non,2
night,night,2
nick,nick,2
ng,ng,2
newspaper,newspaper,2
newshour,newshour,2
millenarianism,millenarianism,2
midterm,midterm,2
mid,mid,2
line,line,2
lorraine,lorraine,2
lori,lori,2
long,long,2
little,little,2
lite,lite,2
listed,listed,2
links,links,2
lineup,lineup,2
limit,limit,2
michelle,michelle,2
lies,lies,2
liberal,liberal,2
letters,letters,2
les,les,2
legitimate,legitimate,2
leave,leave,2
leaps,leaps,2
lean,lean,2
losing,losing,2
loss,loss,2
loved,loved,2
lure,lure,2
messaging,messaging,2
merely,merely,2
mentioning,mentioning,2
mentioned,mentioned,2
meets,meets,2
mccain,mccain,2
matt,matt,2
materialize,materialize,2
masse,masse,2
marianna,marianna,2
mappin,mappin,2
manson,manson,2
male,male,2
maintains,maintains,2
maggie,maggie,2
machines,machines,2
luther,luther,2
ones,ones,2
ongoing,ongoing,2
opponent,opponent,2
prostitution,prostitution,2
pulls,pulls,2
pulled,pulled,2
publishing,publishing,2
psychologist,psychologist,2
provided,provided,2
prove,prove,2
protection,protection,2
protect,protect,2
prosecutors,prosecutors,2
pretended,pretended,2
prophecies,prophecies,2
property,property,2
propagated,propagated,2
propaganda,propaganda,2
promote,promote,2
programs,programs,2
prison,prison,2
princess,princess,2
purged,purged,2
qanoncasualties,qanoncasualties,2
quartz,quartz,2
question,question,2
refer,refer,2
records,records,2
reckoning,reckoning,2
read,read,2
reaction,reaction,2
ratcliffe,ratcliffe,2
ranking,ranking,2
range,range,2
randall,randall,2
ran,ran,2
rae,rae,2
radio,radio,2
rachel,rachel,2
rachael,rachael,2
race,race,2
rabochaya,rabochaya,2
quickly,quickly,2
preventing,preventing,2
fur,fur,2
opportunity,opportunity,2
paid,paid,2
pedophila,pedophila,2
pbs,pbs,2
paved,paved,2
patriots,patriots,2
past,past,2
parenthood,parenthood,2
parade,parade,2
papadopoulos,papadopoulos,2
page,page,2
preparing,preparing,2
pac,pac,2
overall,overall,2
oval,oval,2
osama,osama,2
orphanalytics,orphanalytics,2
originally,originally,2
organization,organization,2
organic,organic,2
peers,peers,2
perkins,perkins,2
phillip,phillip,2
pill,pill,2
preferred,preferred,2
preceded,preceded,2
pre,pre,2
poverty,poverty,2
possibly,possibly,2
pope,pope,2
pong,pong,2
policies,policies,2
points,points,2
podesta,podesta,2
pmid,pmid,2
pledge,pledge,2
pleaded,pleaded,2
playboy,playboy,2
platform,platform,2
pittsburgh,pittsburgh,2
ping,ping,2
furniture,furniture,2
aaron,aaron,2
attract,attract,2
defunct,defunct,2
chongqing,chongqing,2
authorities,authorities,2
authority,authority,2
defuse,defuse,2
authors,authors,2
ex,ex,2
agenda,agenda,2
articulate,articulate,2
caucus,caucus,2
autism,autism,2
aftermath,aftermath,2
christians,christians,2
cure,cure,2
evolution,evolution,2
arthur,arthur,2
cbs,cbs,2
blanchard,blanchard,2
felony,felony,2
aiming,aiming,2
brown,brown,2
conversation,conversation,2
aimed,aimed,2
aim,aim,2
embury,embury,2
choi,choi,2
example,example,2
controversy,controversy,2
controversial,controversial,2
exclusive,exclusive,2
contributions,contributions,2
duty,duty,2
emerging,emerging,2
christmas,christmas,2
amplification,amplification,2
encouraging,encouraging,2
ciaanon,ciaanon,2
elise,elise,2
firm,firm,2
drink,drink,2
avoid,avoid,2
conspirativa,conspirativa,2
diana,diana,2
analyzing,analyzing,2
contained,contained,2
blockbuster,blockbuster,2
block,block,2
ads,ads,2
considered,considered,2
blissett,blissett,2
flat,flat,2
europe,europe,2
driven,driven,2
endorsed,endorsed,2
finds,finds,2
curt,curt,2
advisor,advisor,2
finding,finding,2
advisory,advisory,2
endchan,endchan,2
find,find,2
drug,drug,2
finally,finally,2
final,final,2
amy,amy,2
contact,contact,2
amplifying,amplifying,2
evans,evans,2
asawin,asawin,2
audience,audience,2
feel,feel,2
facts,facts,2
change,change,2
assistance,assistance,2
briefing,briefing,2
denounce,denounce,2
certainly,certainly,2
aspects,aspects,2
chapman,chapman,2
faked,faked,2
dennis,dennis,2
countries,countries,2
exploited,exploited,2
deploys,deploys,2
characterizing,characterizing,2
effective,effective,2
face,face,2
extensively,extensively,2
external,external,2
assessment,assessment,2
denounced,denounced,2
elites,elites,2
cracks,cracks,2
assertion,assertion,2
denver,denver,2
crazy,crazy,2
chan,chan,2
ally,ally,2
allow,allow,2
extremist,extremist,2
challenger,challenger,2
bridge,bridge,2
allowing,allowing,2
denies,denies,2
charge,charge,2
boogaloo,boogaloo,2
fear,fear,2
democrat,democrat,2
derrick,derrick,2
britons,britons,2
earther,earther,2
earth,earth,2
fbianon,fbianon,2
featured,featured,2
charles,charles,2
cheryl,cheryl,2
criticizing,criticizing,2
chief,chief,2
airlines,airlines,2
earle,earle,2
apocalypse,apocalypse,2
airport,airport,2
eating,eating,2
fascism,fascism,2
border,border,2
cornish,cornish,2
censorship,censorship,2
correction,correction,2
farley,farley,2
alternative,alternative,2
alternate,alternate,2
crisis,crisis,2
alerts,alerts,2
deranged,deranged,2
bots,bots,2
experts,experts,2
families,families,2
ask,ask,2
ends,ends,2
drinking,drinking,2
craig,craig,2
declared,declared,2
biggest,biggest,2
daniels,daniels,2
common,common,2
donations,donations,2
danielle,danielle,2
announcement,announcement,2
college,college,2
donie,donie,2
biggs,biggs,2
act,act,2
animal,animal,2
friedman,friedman,2
forgotten,forgotten,2
discussion,discussion,2
activated,activated,2
friend,friend,2
committee,committee,2
co,co,2
begin,begin,2
commit,commit,2
discredited,discredited,2
bade,bade,2
actors,actors,2
acts,acts,2
commission,commission,2
biblical,biblical,2
appearance,appearance,2
dark,dark,2
approach,approach,2
companies,companies,2
dismisses,dismisses,2
colby,colby,2
communist,communist,2
bernstein,bernstein,2
better,better,2
erick,erick,2
document,document,2
francisco,francisco,2
france,france,2
documents,documents,2
divides,divides,2
appearing,appearing,2
dave,dave,2
founder,founder,2
component,component,2
forward,forward,2
answers,answers,2
especially,especially,2
environment,environment,2
deadly,deadly,2
forum,forum,2
displayed,displayed,2
disillusioned,disillusioned,2
discovered,discovered,2
cnbc,cnbc,2
clothing,clothing,2
diresta,diresta,2
archive,archive,2
declined,declined,2
adherent,adherent,2
enterprise,enterprise,2
conduct,conduct,2
dissemination,dissemination,2
benjamin,benjamin,2
comet,comet,2
canceled,canceled,2
adolf,adolf,2
fulbright,fulbright,2
adopted,adopted,2
come,come,2
connections,connections,2
colvin,colvin,2
bipartisan,bipartisan,2
etsy,etsy,2
funded,funded,2
enemies,enemies,2
awakening,awakening,2
flown,flown,2
fundraiser,fundraiser,2
area,area,2
az,az,2
disseminated,disseminated,2
follows,follows,2
canada,canada,2
eurabia,eurabia,2
essentially,essentially,2
consequences,consequences,2
confederate,confederate,2
adam,adam,2
comment,comment,2
beginning,beginning,2
comfort,comfort,2
added,added,2
donna,donna,2
deeper,deeper,2
caroline,caroline,2
carpet,carpet,2
engaged,engaged,2
dorsey,dorsey,2
flee,flee,2
cillizza,cillizza,2
bin,bin,2
believes,believes,2
clock,clock,2
doubt,doubt,2
enforcement,enforcement,2
bringing,bringing,1
rumor,rumor,1
ruling,ruling,1
schultz,schultz,1
schoep,schoep,1
rules,rules,1
royal,royal,1
camps,camps,1
scholar,scholar,1
brimelow,brimelow,1
canard,canard,1
scientific,scientific,1
canadians,canadians,1
canadian,canadian,1
camila,camila,1
scientist,scientist,1
score,score,1
britain,britain,1
samantha,samantha,1
british,british,1
sara,sara,1
build,build,1
buses,buses,1
sailboat,sailboat,1
sars,sars,1
sailer,sailer,1
saint,saint,1
salacious,salacious,1
sale,sale,1
sargon,sargon,1
bulletin,bulletin,1
burke,burke,1
sacrifice,sacrifice,1
bullshit,bullshit,1
bureau,bureau,1
bumper,bumper,1
san,san,1
saltsjöbadsavtalet,saltsjöbadsavtalet,1
salvador,salvador,1
samuelson,samuelson,1
samson,samson,1
salvadoran,salvadoran,1
bunks,bunks,1
budryk,budryk,1
buckle,buckle,1
scavino,scavino,1
russians,russians,1
scary,scary,1
scarily,scarily,1
camelot,camelot,1
runaways,runaways,1
cairo,cairo,1
scam,scam,1
caffier,caffier,1
scalise,scalise,1
cable,cable,1
cabals,cabals,1
scale,scale,1
satellite,satellite,1
broad,broad,1
broadcaster,broadcaster,1
saw,saw,1
ryan,ryan,1
sam,sam,1
broderick,broderick,1
businesswoman,businesswoman,1
saved,saved,1
brutally,brutally,1
savannah,savannah,1
saving,saving,1
funke,funke,1
brewster,brewster,1
signify,signify,1
sikorski,sikorski,1
silence,silence,1
silent,silent,1
silicon,silicon,1
silverman,silverman,1
silverstone,silverstone,1
billy,billy,1
simon,simon,1
bijan,bijan,1
simple,simple,1
simply,simply,1
sinders,sinders,1
singer,singer,1
sink,sink,1
sit,sit,1
signifying,signifying,1
significantly,significantly,1
sites,sites,1
birth,birth,1
bloodless,bloodless,1
shook,shook,1
blogs,blogs,1
shootings,shootings,1
blog,blog,1
blocks,blocks,1
blocking,blocking,1
blocked,blocked,1
blaze,blaze,1
blackmail,blackmail,1
sidner,sidner,1
sidney,sidney,1
bitchute,bitchute,1
signaled,signaled,1
signature,signature,1
bigoted,bigoted,1
sits,sits,1
blow,blow,1
societal,societal,1
soft,soft,1
sofía,sofía,1
soil,soil,1
sol,sol,1
bermuda,bermuda,1
berkeley,berkeley,1
sole,sole,1
solender,solender,1
solicit,solicit,1
benoist,benoist,1
solve,solve,1
somewhat,somewhat,1
bennhold,bennhold,1
son,son,1
sonam,sonam,1
societies,societies,1
beta,beta,1
situation,situation,1
sobre,sobre,1
skin,skin,1
skull,skull,1
sky,sky,1
slackening,slackening,1
bible,bible,1
slogans,slogans,1
slowly,slowly,1
bias,bias,1
smart,smart,1
smell,smell,1
smoking,smoking,1
snaps,snaps,1
snopes,snopes,1
snowflake,snowflake,1
betty,betty,1
bloomberg,bloomberg,1
shira,shira,1
brewis,brewis,1
seeing,seeing,1
bouncing,bouncing,1
seeped,seeped,1
seer,seer,1
seetharaman,seetharaman,1
seguidores,seguidores,1
bot,bot,1
selected,selected,1
bose,bose,1
selk,selk,1
sell,sell,1
sellner,sellner,1
seminar,seminar,1
borderline,borderline,1
sen,sen,1
boosting,boosting,1
seeking,seeking,1
bowden,bowden,1
boost,boost,1
brady,brady,1
sealing,sealing,1
brewing,brewing,1
breuninger,breuninger,1
searched,searched,1
searching,searching,1
brett,brett,1
brennan,brennan,1
breland,breland,1
secrecy,secrecy,1
breitbart,breitbart,1
brean,brean,1
brazil,brazil,1
brandon,brandon,1
section,section,1
brainwashed,brainwashed,1
sensational,sensational,1
boomer,boomer,1
boards,boards,1
bolshevism,bolshevism,1
sfgate,sfgate,1
shaken,shaken,1
shaman,shaman,1
shanti,shanti,1
bob,bob,1
shares,shares,1
sharing,sharing,1
shaun,shaun,1
shearer,shearer,1
sheera,sheera,1
shelter,shelter,1
sheppard,sheppard,1
sheth,sheth,1
shinrikyo,shinrikyo,1
shiny,shiny,1
body,body,1
seventeen,seventeen,1
books,books,1
settled,settled,1
sentinel,sentinel,1
separation,separation,1
separatism,separatism,1
bonnell,bonnell,1
sergey,sergey,1
serpo,serpo,1
serve,serve,1
served,served,1
server,server,1
bones,bones,1
session,session,1
bombshell,bombshell,1
set,set,1
bombings,bombings,1
bomb,bomb,1
rotunda,rotunda,1
reversed,reversed,1
cancellation,cancellation,1
reached,reached,1
ralph,ralph,1
rammed,rammed,1
ramsey,ramsey,1
churches,churches,1
church,church,1
chronology,chronology,1
chronicled,chronicled,1
rant,rant,1
ranted,ranted,1
rape,rape,1
rapture,rapture,1
chronicle,chronicle,1
rated,rated,1
rates,rates,1
rating,rating,1
raw,raw,1
ray,ray,1
rallying,rallying,1
ciaintern,ciaintern,1
raja,raja,1
radical,radical,1
clampdown,clampdown,1
citizenship,citizenship,1
cities,cities,1
racial,racial,1
racially,racially,1
cites,cites,1
circulated,circulated,1
radicalizing,radicalizing,1
raising,raising,1
radically,radically,1
cicada,cicada,1
raided,raided,1
raining,raining,1
raise,raise,1
raised,raised,1
raises,raises,1
reach,reach,1
reaches,reaches,1
cancelled,cancelled,1
reaching,reaching,1
choice,choice,1
recovery,recovery,1
recruit,recruit,1
recruitment,recruitment,1
recruits,recruits,1
chinese,chinese,1
redemption,redemption,1
redirecting,redirecting,1
redpill,redpill,1
reduce,reduce,1
reduced,reduced,1
reducing,reducing,1
reed,reed,1
reel,reel,1
reelected,reelected,1
chinchilla,chinchilla,1
reeling,reeling,1
recorded,recorded,1
reconquista,reconquista,1
recommendations,recommendations,1
realize,realize,1
reacted,reacted,1
reactionary,reactionary,1
christina,christina,1
readers,readers,1
ready,ready,1
christianity,christianity,1
christchurch,christchurch,1
reasons,reasons,1
recognized,recognized,1
reassurance,reassurance,1
rebel,rebel,1
chosen,chosen,1
choosing,choosing,1
receives,receives,1
recluta,recluta,1
recognize,recognize,1
classic,classic,1
rabin,rabin,1
clear,clear,1
clearly,clearly,1
collar,collar,1
collapse,collapse,1
collaborating,collaborating,1
colin,colin,1
protectionism,protectionism,1
protesters,protesters,1
cole,cole,1
colburn,colburn,1
coke,coke,1
proves,proves,1
provide,provide,1
coherent,coherent,1
provides,provides,1
cohen,cohen,1
pseudoscience,pseudoscience,1
psychoactive,psychoactive,1
psychological,psychological,1
proportions,proportions,1
collective,collective,1
proponent,proponent,1
propagado,propagado,1
comb,comb,1
promoters,promoters,1
promotes,promotes,1
promotional,promotional,1
prompted,prompted,1
prompts,prompts,1
proof,proof,1
colombia,colombia,1
prophéties,prophéties,1
propagate,propagate,1
collude,collude,1
propagating,propagating,1
collett,collett,1
prophecy,prophecy,1
prophesized,prophesized,1
prophetic,prophetic,1
cognitive,cognitive,1
psychology,psychology,1
publication,publication,1
clone,clone,1
closed,closed,1
close,close,1
qualtrics,qualtrics,1
quantifying,quantifying,1
quarantine,quarantine,1
quarter,quarter,1
quarterly,quarterly,1
quatrains,quatrains,1
qappanon,qappanon,1
clockwork,clockwork,1
questioner,questioner,1
questions,questions,1
quinn,quinn,1
quip,quip,1
quotations,quotations,1
qurious,qurious,1
qarmyjapanflynn,qarmyjapanflynn,1
club,club,1
publicized,publicized,1
coaston,coaston,1
publicly,publicly,1
codes,codes,1
publishers,publishers,1
coded,coded,1
code,code,1
cobain,cobain,1
puppet,puppet,1
purpose,purpose,1
cnet,cnet,1
purposes,purposes,1
purveyor,purveyor,1
push,push,1
coast,coast,1
pushes,pushes,1
putterman,putterman,1
puzzle,puzzle,1
chile,chile,1
childish,childish,1
chicago,chicago,1
celebrities,celebrities,1
revelation,revelation,1
categories,categories,1
reverse,reverse,1
sort,sort,1
catch,catch,1
reviewed,reviewed,1
revolution,revolution,1
revolved,revolved,1
castro,castro,1
cassata,cassata,1
cashed,cashed,1
richmond,richmond,1
cash,cash,1
riddles,riddles,1
ridiculously,ridiculously,1
riggleman,riggleman,1
casey,casey,1
catholics,catholics,1
catie,catie,1
reveal,reveal,1
restrictions,restrictions,1
celebrations,celebrations,1
celebrated,celebrated,1
responses,responses,1
cecilia,cecilia,1
cecelia,cecelia,1
ceased,ceased,1
restrict,restrict,1
cease,cease,1
retweets,retweets,1
results,results,1
retailer,retailer,1
return,return,1
cbc,cbc,1
retweet,retweet,1
causes,causes,1
caughman,caughman,1
rightideascore,rightideascore,1
carter,carter,1
rightwing,rightwing,1
cannibalistic,cannibalistic,1
capture,capture,1
capitoltimelineprotesters,capitoltimelineprotesters,1
cantwell,cantwell,1
canon,canon,1
romano,romano,1
cannibals,cannibals,1
room,room,1
roosh,roosh,1
rockets,rockets,1
rooted,rooted,1
roots,roots,1
roper,roper,1
cannibalism,cannibalism,1
candidacy,candidacy,1
cancels,cancels,1
roswell,roswell,1
rodríguez,rodríguez,1
robinson,robinson,1
carrying,carrying,1
rituals,rituals,1
rings,rings,1
carry,carry,1
rioters,rioters,1
riots,riots,1
rise,rise,1
carries,carries,1
ritualistic,ritualistic,1
rival,rival,1
robertson,robertson,1
riven,riven,1
carolina,carolina,1
carneiro,carneiro,1
carmichael,carmichael,1
carlson,carlson,1
carlos,carlos,1
carl,carl,1
respondents,respondents,1
respectively,respectively,1
chemtrail,chemtrail,1
respective,respective,1
chased,chased,1
chase,chase,1
charlie,charlie,1
characters,characters,1
relevant,relevant,1
relied,relied,1
relies,relies,1
characterized,characterized,1
remained,remained,1
remaining,remaining,1
characterization,characterization,1
remember,remember,1
chaos,chaos,1
chansley,chansley,1
changing,changing,1
changes,changes,1
renaissance,renaissance,1
rejected,rejected,1
reinstein,reinstein,1
reinforcing,reinforcing,1
regnery,regnery,1
referring,referring,1
reflective,reflective,1
chaucer,chaucer,1
refuses,refuses,1
chasing,chasing,1
registration,registration,1
región,región,1
regret,regret,1
reinforces,reinforces,1
regrouping,regrouping,1
regulations,regulations,1
reichsbürger,reichsbürger,1
reichstag,reichstag,1
reid,reid,1
reimann,reimann,1
reinforcement,reinforcement,1
rendered,rendered,1
rendlesham,rendlesham,1
renegade,renegade,1
cernovich,cernovich,1
reqovery,reqovery,1
request,request,1
requested,requested,1
requests,requests,1
require,require,1
required,required,1
res,res,1
centuries,centuries,1
repudiating,repudiating,1
researcher,researcher,1
centrism,centrism,1
reserve,reserve,1
censored,censored,1
cellphone,cellphone,1
celeste,celeste,1
resorted,resorted,1
certain,certain,1
repudiate,repudiate,1
renshaw,renshaw,1
reportedly,reportedly,1
chandra,chandra,1
chancellor,chancellor,1
replaced,replaced,1
replacement,replacement,1
replied,replied,1
reply,reply,1
chambers,chambers,1
challenging,challenging,1
cesspool,cesspool,1
reporters,reporters,1
representatives,representatives,1
chairwoman,chairwoman,1
reprimanded,reprimanded,1
reproducible,reproducible,1
reptilian,reptilian,1
chair,chair,1
benefits,benefits,1
steele,steele,1
sought,sought,1
villa,villa,1
versus,versus,1
veteran,veteran,1
victims,victims,1
victor,victor,1
victoria,victoria,1
alain,alain,1
al,al,1
videographer,videographer,1
akkad,akkad,1
vietnam,vietnam,1
aja,aja,1
viewed,viewed,1
viewers,viewers,1
aisch,aisch,1
vigilance,vigilance,1
vigilantes,vigilantes,1
vikernes,vikernes,1
algorithm,algorithm,1
algorithms,algorithms,1
verifica,verifica,1
alison,alison,1
van,van,1
alistair,alistair,1
vanity,vanity,1
varg,varg,1
varggoth,varggoth,1
varginha,varginha,1
variety,variety,1
vatican,vatican,1
verge,verge,1
vazquez,vazquez,1
vdare,vdare,1
alienation,alienation,1
alien,alien,1
veiled,veiled,1
veklerov,veklerov,1
alice,alice,1
viktor,viktor,1
villains,villains,1
valizadeh,valizadeh,1
vince,vince,1
agreement,agreement,1
aggressively,aggressively,1
vp,vp,1
vte,vte,1
vtealt,vtealt,1
vteconspiracy,vteconspiracy,1
vult,vult,1
wa,wa,1
waco,waco,1
wage,wage,1
wait,wait,1
aggressive,aggressive,1
wales,wales,1
walkaway,walkaway,1
wall,wall,1
wallace,wallace,1
aggregator,aggregator,1
aiden,aiden,1
voters,voters,1
aides,aides,1
virality,virality,1
vincent,vincent,1
vindication,vindication,1
vinland,vinland,1
violated,violated,1
airey,airey,1
aired,aired,1
air,air,1
aims,aims,1
volume,volume,1
virtual,virtual,1
visibility,visibility,1
visible,visible,1
vivid,vivid,1
voat,voat,1
vogt,vogt,1
voice,voice,1
alix,alix,1
validity,validity,1
aggregating,aggregating,1
university,university,1
alvarado,alvarado,1
unclear,unclear,1
unconstitutional,unconstitutional,1
unconventional,unconventional,1
uncover,uncover,1
uncovered,uncovered,1
uncovering,uncovering,1
underboss,underboss,1
underground,underground,1
altright,altright,1
understood,understood,1
undeterred,undeterred,1
unfavorable,unfavorable,1
unfounded,unfounded,1
unidentified,unidentified,1
altman,altman,1
unique,unique,1
alyssa,alyssa,1
un,un,1
ulysses,ulysses,1
twice,twice,1
turkey,turkey,1
américa,américa,1
turner,turner,1
twa,twa,1
amore,amore,1
amends,amends,1
twentieth,twentieth,1
amendments,amendments,1
ul,ul,1
type,type,1
typical,typical,1
amazon,amazon,1
támogatói,támogatói,1
amash,amash,1
amaro,amaro,1
ukraine,ukraine,1
uniquely,uniquely,1
unknown,unknown,1
valentich,valentich,1
unlawful,unlawful,1
allsup,allsup,1
urso,urso,1
allowed,allowed,1
uscinski,uscinski,1
allies,allies,1
user,user,1
username,username,1
allied,allied,1
uses,uses,1
alleging,alleging,1
allegiance,allegiance,1
v,v,1
vaccination,vaccination,1
vaccine,vaccine,1
vaccines,vaccines,1
vague,vague,1
valenciano,valenciano,1
urban,urban,1
ups,ups,1
upper,upper,1
unsealing,unsealing,1
unlawfully,unlawfully,1
uno,uno,1
unopposed,unopposed,1
unpopular,unpopular,1
unraveling,unraveling,1
unrelated,unrelated,1
unrest,unrest,1
altered,altered,1
uphold,uphold,1
unsubstantiated,unsubstantiated,1
unsuspecting,unsuspecting,1
unusual,unusual,1
unz,unz,1
upcoming,upcoming,1
alst,alst,1
updates,updates,1
walters,walters,1
wanted,wanted,1
tunguska,tunguska,1
accept,accept,1
wray,wray,1
accomplishment,accomplishment,1
write,write,1
writer,writer,1
writes,writes,1
writing,writing,1
accidents,accidents,1
wrong,wrong,1
wrongdoing,wrongdoing,1
accidentally,accidentally,1
wtc,wtc,1
wu,wu,1
wuhan,wuhan,1
wynn,wynn,1
wyrich,wyrich,1
władysław,władysław,1
xenophobia,xenophobia,1
wotansvolk,wotansvolk,1
worshippers,worshippers,1
accuse,accuse,1
woodruff,woodruff,1
wojcicki,wojcicki,1
wolfe,wolfe,1
wolking,wolking,1
wolves,wolves,1
actress,actress,1
actively,actively,1
active,active,1
woolley,woolley,1
achieved,achieved,1
acting,acting,1
acted,acted,1
worker,worker,1
acknowledged,acknowledged,1
workings,workings,1
acknowledge,acknowledge,1
worldwide,worldwide,1
y,y,1
yanked,yanked,1
adalita,adalita,1
yanks,yanks,1
zanona,zanona,1
abernethy,abernethy,1
zia,zia,1
zidan,zidan,1
zimbrón,zimbrón,1
abductions,abductions,1
zionism,zionism,1
abducted,abducted,1
zionists,zionists,1
abby,abby,1
államokat,államokat,1
гавайи,гавайи,1
дни,дни,1
доживают,доживают,1
ли,ли,1
последние,последние,1
свои,свои,1
zamboanga,zamboanga,1
zagreb,zagreb,1
abierta,abierta,1
yin,yin,1
yarvin,yarvin,1
accelerationism,accelerationism,1
abused,abused,1
yemenite,yemenite,1
yesterday,yesterday,1
yevhen,yevhen,1
yiannopoulos,yiannopoulos,1
absolute,absolute,1
zack,zack,1
yitzhak,yitzhak,1
abraham,abraham,1
yougov,yougov,1
younger,younger,1
abigail,abigail,1
youtuber,youtuber,1
yurieff,yurieff,1
woes,woes,1
wizard,wizard,1
wanting,wanting,1
wendling,wendling,1
weakening,weakening,1
weapon,weapon,1
advice,advice,1
adverts,adverts,1
weather,weather,1
web,web,1
advertises,advertises,1
advertisement,advertisement,1
webster,webster,1
wednesday,wednesday,1
advancing,advancing,1
weeks,weeks,1
weev,weev,1
weigel,weigel,1
advanced,advanced,1
weiner,weiner,1
welch,welch,1
advocacy,advocacy,1
wave,wave,1
advocate,advocate,1
afp,afp,1
agents,agents,1
agent,agent,1
agencies,agencies,1
warlords,warlords,1
age,age,1
warning,warning,1
warnings,warnings,1
warrior,warrior,1
watkinses,watkinses,1
warriors,warriors,1
warsaw,warsaw,1
affiliations,affiliations,1
wasserman,wasserman,1
affect,affect,1
water,water,1
affair,affair,1
advance,advance,1
west,west,1
witnessing,witnessing,1
westall,westall,1
adelino,adelino,1
williamson,williamson,1
addressed,addressed,1
wind,wind,1
window,window,1
winds,winds,1
additionally,additionally,1
wings,wings,1
wink,wink,1
winking,winking,1
winner,winner,1
winning,winning,1
addition,addition,1
winter,winter,1
wintrich,wintrich,1
addictive,addictive,1
wish,wish,1
wiles,wiles,1
admin,admin,1
wikiquote,wikiquote,1
whitmer,whitmer,1
adrienne,adrienne,1
wh,wh,1
wheel,wheel,1
whinsideranon,whinsideranon,1
whip,whip,1
whistleblower,whistleblower,1
adrenalin,adrenalin,1
wide,wide,1
wikimedia,wikimedia,1
widely,widely,1
wider,wider,1
widerøe,widerøe,1
widespread,widespread,1
wieder,wieder,1
wife,wife,1
wikileaks,wikileaks,1
turbine,turbine,1
tumult,tumult,1
bendix,bendix,1
augustus,augustus,1
automated,automated,1
styled,styled,1
subhas,subhas,1
subject,subject,1
subjective,subjective,1
subreddits,subreddits,1
success,success,1
successor,successor,1
author,author,1
suffer,suffer,1
suggest,suggest,1
austria,austria,1
australian,australian,1
austin,austin,1
suggestions,suggestions,1
aunque,aunque,1
aum,aum,1
stunts,stunts,1
stuff,stuff,1
studios,studios,1
striking,striking,1
strategy,strategy,1
stream,stream,1
streamed,streamed,1
avi,avi,1
strengthen,strengthen,1
strife,strife,1
strike,strike,1
strings,strings,1
studies,studies,1
average,average,1
strongly,strongly,1
struggle,struggle,1
av,av,1
struggling,struggling,1
stuart,stuart,1
studied,studied,1
suit,suit,1
sullivan,sullivan,1
strange,strange,1
summer,summer,1
suspending,suspending,1
suspends,suspends,1
suspension,suspension,1
suspensions,suspensions,1
sustained,sustained,1
svitek,svitek,1
swaine,swaine,1
swamp,swamp,1
attempted,attempted,1
swiss,swiss,1
switzerland,switzerland,1
sworn,sworn,1
atomwaffen,atomwaffen,1
sympathizer,sympathizer,1
atlanta,atlanta,1
syndrome,syndrome,1
system,system,1
suspects,suspects,1
attempting,attempting,1
attendees,attendees,1
attila,attila,1
auernheimer,auernheimer,1
sun,sun,1
sunday,sunday,1
attributed,attributed,1
attracting,attracting,1
attracted,attracted,1
attitude,attitude,1
suppressed,suppressed,1
susceptible,susceptible,1
suppression,suppression,1
supremacist,supremacist,1
supremacy,supremacy,1
surge,surge,1
surprise,surprise,1
attending,attending,1
susan,susan,1
strategist,strategist,1
straka,straka,1
sá,sá,1
bank,bank,1
spocchia,spocchia,1
spouted,spouted,1
baseline,baseline,1
barney,barney,1
barnes,barnes,1
bargain,bargain,1
springfield,springfield,1
sputnik,sputnik,1
spygate,spygate,1
stack,stack,1
barbara,barbara,1
bar,bar,1
bannon,bannon,1
stamp,stamp,1
banning,banning,1
banking,banking,1
bankers,bankers,1
basic,basic,1
basis,basis,1
spencer,spencer,1
speakers,speakers,1
belonging,belonging,1
south,south,1
bellingcat,bellingcat,1
bell,bell,1
belgrade,belgrade,1
bekiempis,bekiempis,1
spawned,spawned,1
beer,beer,1
spelled,spelled,1
specializes,specializes,1
beale,beale,1
baxter,baxter,1
speculating,speculating,1
bavaria,bavaria,1
basket,basket,1
speeches,speeches,1
standunited,standunited,1
ballots,ballots,1
storylines,storylines,1
ball,ball,1
axios,axios,1
stevens,stevens,1
stick,stick,1
sticker,sticker,1
stickers,stickers,1
stieb,stieb,1
away,away,1
awareness,awareness,1
aware,aware,1
awakenings,awakenings,1
stormed,stormed,1
stormer,stormer,1
stormfront,stormfront,1
avro,avro,1
storms,storms,1
avoids,avoids,1
avoidable,avoidable,1
azorian,azorian,1
stephan,stephan,1
aztec,aztec,1
backlash,backlash,1
stars,stars,1
start,start,1
balkan,balkan,1
starting,starting,1
baker,baker,1
bad,bad,1
backs,backs,1
backgroundcapitol,backgroundcapitol,1
baby,baby,1
statesgovernment,statesgovernment,1
stating,stating,1
statistics,statistics,1
staunch,staunch,1
babylon,babylon,1
combined,combined,1
stefan,stefan,1
systems,systems,1
sátánista,sátánista,1
tulsa,tulsa,1
traditionally,traditionally,1
aparentemente,aparentemente,1
topic,topic,1
topics,topics,1
toropin,toropin,1
tough,tough,1
tour,tour,1
touted,touted,1
antiscience,antiscience,1
town,town,1
townsend,townsend,1
toxic,toxic,1
tracked,tracked,1
antipodean,antipodean,1
traction,traction,1
tracy,tracy,1
trademarked,trademarked,1
antifeminism,antifeminism,1
tony,tony,1
tommy,tommy,1
apart,apart,1
timing,timing,1
tiktok,tiktok,1
tila,tila,1
timberg,timberg,1
appreciate,appreciate,1
timeframe,timeframe,1
timeline,timeline,1
apply,apply,1
appleinsider,appleinsider,1
tohn,tohn,1
tina,tina,1
appealing,appealing,1
apophenia,apophenia,1
title,title,1
apollo,apollo,1
titor,titor,1
apocalyptic,apocalyptic,1
traditionalist,traditionalist,1
traffic,traffic,1
approaching,approaching,1
anthime,anthime,1
android,android,1
andrews,andrews,1
tropes,tropes,1
trouble,trouble,1
troubling,troubling,1
andinia,andinia,1
anddisappearances,anddisappearances,1
anchors,anchors,1
anatomy,anatomy,1
trunews,trunews,1
trusted,trusted,1
anarchists,anarchists,1
truthers,truthers,1
analysts,analysts,1
tube,tube,1
tucker,tucker,1
anagram,anagram,1
trolling,trolling,1
andré,andré,1
tripled,tripled,1
triangle,triangle,1
answered,answered,1
transformed,transformed,1
transphobia,transphobia,1
trash,trash,1
travel,travel,1
answer,answer,1
trend,trend,1
angry,angry,1
triple,triple,1
anglin,anglin,1
trickey,trickey,1
tricking,tricking,1
anglen,anglen,1
trio,trio,1
andy,andy,1
andrés,andrés,1
tiger,tiger,1
approved,approved,1
t,t,1
tequila,tequila,1
technology,technology,1
telegram,telegram,1
asociados,asociados,1
televised,televised,1
telling,telling,1
templar,templar,1
ashli,ashli,1
temporary,temporary,1
temptation,temptation,1
tend,tend,1
tended,tended,1
tendency,tendency,1
tenets,tenets,1
tens,tens,1
tensions,tensions,1
tentative,tentative,1
tenth,tenth,1
techcrunch,techcrunch,1
tech,tech,1
assassinate,assassinate,1
assesses,assesses,1
tag,tag,1
takedown,takedown,1
assistant,assistant,1
taketheoath,taketheoath,1
assist,assist,1
talking,talking,1
también,también,1
tanks,tanks,1
te,te,1
tap,tap,1
taped,taped,1
target,target,1
asserts,asserts,1
assembly,assembly,1
assassinations,assassinations,1
assassination,assassination,1
asgardsrei,asgardsrei,1
terjedni,terjedni,1
ticking,ticking,1
terminated,terminated,1
thewrap,thewrap,1
ari,ari,1
argentino,argentino,1
argentina,argentina,1
thinkprogress,thinkprogress,1
thinks,thinks,1
ardent,ardent,1
thorn,thorn,1
archives,archives,1
archetypical,archetypical,1
arab,arab,1
threatened,threatened,1
threatens,threatens,1
approximately,approximately,1
thriving,thriving,1
thugs,thugs,1
thule,thule,1
thermometer,thermometer,1
therapy,therapy,1
aria,aria,1
arrow,arrow,1
asatru,asatru,1
terrifying,terrifying,1
territorial,territorial,1
arya,arya,1
arturo,arturo,1
testimony,testimony,1
textured,textured,1
theft,theft,1
theorized,theorized,1
arresting,arresting,1
theodore,theodore,1
arrangements,arrangements,1
theoriescore,theoriescore,1
theorieslist,theorieslist,1
army,army,1
arktos,arktos,1
combating,combating,1
concepts,concepts,1
promises,promises,1
jurkowitz,jurkowitz,1
ensuing,ensuing,1
josh,josh,1
joshua,joshua,1
enslave,enslave,1
enoch,enoch,1
joy,joy,1
juan,juan,1
jubilee,jubilee,1
enlist,enlist,1
judeopolonia,judeopolonia,1
enlightenment,enlightenment,1
judgement,judgement,1
judy,judy,1
enjoying,enjoying,1
julian,julian,1
julie,julie,1
engraved,engraved,1
jorjani,jorjani,1
jong,jong,1
jonestown,jonestown,1
joan,joan,1
jfk,jfk,1
jihad,jihad,1
jihads,jihads,1
entry,entry,1
entity,entity,1
jimmy,jimmy,1
enticement,enticement,1
joanna,joanna,1
enter,enter,1
jobs,jobs,1
enthralling,enthralling,1
joel,joel,1
entertainment,entertainment,1
entertainer,entertainer,1
join,join,1
entered,entered,1
engine,engine,1
juscelino,juscelino,1
jet,jet,1
engaging,engaging,1
kessler,kessler,1
encyclopedia,encyclopedia,1
kidnap,kidnap,1
encourage,encourage,1
emphasize,emphasize,1
kilgallen,kilgallen,1
emma,emma,1
emilio,emilio,1
emery,emery,1
killing,killing,1
kim,kim,1
kimberly,kimberly,1
kinds,kinds,1
emerges,emerges,1
kinism,kinism,1
embraces,embraces,1
emblems,emblems,1
endorse,endorse,1
endorses,endorses,1
endorsing,endorsing,1
kashmira,kashmira,1
justify,justify,1
k,k,1
kal,kal,1
kan,kan,1
kang,kang,1
enemy,enemy,1
karim,karim,1
kaspar,kaspar,1
kecksburg,kecksburg,1
katelyn,katelyn,1
katie,katie,1
katrin,katrin,1
katrina,katrina,1
katz,katz,1
kawcyznski,kawcyznski,1
kebab,kebab,1
envelope,envelope,1
jesus,jesus,1
király,király,1
islam,islam,1
interrupted,interrupted,1
evangelicals,evangelicals,1
intersected,intersected,1
evangelical,evangelical,1
intimate,intimate,1
intoxicated,intoxicated,1
introduce,introduce,1
evacuated,evacuated,1
invade,invade,1
evacuate,evacuate,1
europa,europa,1
investigator,investigator,1
investigators,investigators,1
invictus,invictus,1
eurekalert,eurekalert,1
involvement,involvement,1
ip,ip,1
interpreting,interpreting,1
interpretations,interpretations,1
interpretation,interpretation,1
examining,examining,1
exhibited,exhibited,1
executed,executed,1
installed,installed,1
examples,examples,1
institutions,institutions,1
insurrection,insurrection,1
insurrectionists,insurrectionists,1
intelligencer,intelligencer,1
evolve,evolve,1
intended,intended,1
intensity,intensity,1
intentionally,intentionally,1
interdimensional,interdimensional,1
interference,interference,1
evropa,evropa,1
evon,evon,1
irányító,irányító,1
islamic,islamic,1
jesuits,jesuits,1
islamophobia,islamophobia,1
jana,jana,1
essay,essay,1
janon,janon,1
esprit,esprit,1
espousing,espousing,1
espionage,espionage,1
jarvis,jarvis,1
español,español,1
jean,jean,1
jeanine,jeanine,1
erin,erin,1
jeffrey,jeffrey,1
jenkins,jenkins,1
eric,eric,1
epstein,epstein,1
epik,epik,1
environmental,environmental,1
jan,jan,1
jamie,jamie,1
essence,essence,1
issues,issues,1
ethnostate,ethnostate,1
están,están,1
isolationism,isolationism,1
israel,israel,1
israeli,israeli,1
estonia,estonia,1
issue,issue,1
italian,italian,1
essential,essential,1
items,items,1
estimated,estimated,1
estimate,estimate,1
j,j,1
este,este,1
esta,esta,1
jade,jade,1
kirov,kirov,1
kitchener,kitchener,1
inspected,inspected,1
lines,lines,1
lieutenant,lieutenant,1
life,life,1
lifetime,lifetime,1
lifton,lifton,1
ligados,ligados,1
light,light,1
lights,lights,1
dulles,dulles,1
liked,liked,1
dulce,dulce,1
lilla,lilla,1
duke,duke,1
dryden,dryden,1
limiting,limiting,1
limits,limits,1
lincoln,lincoln,1
linder,linder,1
dunning,dunning,1
liberty,liberty,1
dunst,dunst,1
dwoskin,dwoskin,1
legal,legal,1
legend,legend,1
legislation,legislation,1
legislator,legislator,1
legit,legit,1
dyatlov,dyatlov,1
legitimize,legitimize,1
let,let,1
libel,libel,1
letter,letter,1
durkee,durkee,1
lewandowsky,lewandowsky,1
durango,durango,1
lgbt,lgbt,1
liam,liam,1
liars,liars,1
drowned,drowned,1
dropped,dropped,1
leftist,leftist,1
droite,droite,1
downtime,downtime,1
loneliest,loneliest,1
loneliness,loneliness,1
doves,doves,1
longer,longer,1
longhi,longhi,1
longstanding,longstanding,1
look,look,1
looking,looking,1
loomer,loomer,1
loot,loot,1
lord,lord,1
lore,lore,1
doubled,doubled,1
double,double,1
dossier,dossier,1
dorothy,dorothy,1
lokteff,lokteff,1
logo,logo,1
logically,logically,1
dragos,dragos,1
driver,driver,1
lionel,lionel,1
liptak,liptak,1
dressed,dressed,1
literally,literally,1
drawn,drawn,1
dramatically,dramatically,1
dozens,dozens,1
logging,logging,1
livestreamed,livestreamed,1
dozen,dozen,1
loaded,loaded,1
lobbyist,lobbyist,1
locate,locate,1
lock,lock,1
locus,locus,1
leftists,leftists,1
eagle,eagle,1
klamath,klamath,1
lana,lana,1
kovensky,kovensky,1
elkezdett,elkezdett,1
kubitschek,kubitschek,1
kurt,kurt,1
kuznia,kuznia,1
kyiv,kyiv,1
között,között,1
labeling,labeling,1
labrados,labrados,1
lachlan,lachlan,1
lack,lack,1
elisa,elisa,1
lads,lads,1
lafrance,lafrance,1
lahad,lahad,1
lalljee,lalljee,1
lam,lam,1
kovac,kovac,1
korean,korean,1
korea,korea,1
knives,knives,1
klas,klas,1
emblem,emblem,1
kline,kline,1
klofstad,klofstad,1
embassy,embassy,1
knight,knight,1
knights,knights,1
knjaz,knjaz,1
kook,kook,1
elvis,elvis,1
elnök,elnök,1
elliot,elliot,1
ellie,ellie,1
ellen,ellen,1
knutson,knutson,1
konstantin,konstantin,1
lamont,lamont,1
eli,eli,1
lee,lee,1
landings,landings,1
lawmaker,lawmaker,1
lawmakers,lawmakers,1
lawrence,lawrence,1
laws,laws,1
editor,editor,1
edison,edison,1
edgar,edgar,1
eccentric,eccentric,1
easy,easy,1
easily,easily,1
leaker,leaker,1
ease,ease,1
leaning,leaning,1
lear,lear,1
learning,learning,1
lebron,lebron,1
ear,ear,1
abandon,abandon,1
laviola,laviola,1
editorial,editorial,1
elect,elect,1
landrum,landrum,1
landslide,landslide,1
language,language,1
lap,lap,1
elevates,elevates,1
largely,largely,1
electronic,electronic,1
egyesült,egyesült,1
edmondson,edmondson,1
effort,effort,1
efe,efe,1
latina,latina,1
latinoamérica,latinoamérica,1
laughland,laughland,1
launched,launched,1
launches,launches,1
inspector,inspector,1
insiders,insiders,1
promised,promised,1
fleeing,fleeing,1
guidestones,guidestones,1
flying,flying,1
fly,fly,1
fluoridation,fluoridation,1
guys,guys,1
gvcsf,gvcsf,1
gwynedd,gwynedd,1
h,h,1
ha,ha,1
haakon,haakon,1
haaretz,haaretz,1
haarp,haarp,1
hal,hal,1
floridians,floridians,1
flora,flora,1
floor,floor,1
flood,flood,1
focus,focus,1
focused,focused,1
guffey,guffey,1
ground,ground,1
force,force,1
gretchen,gretchen,1
greve,greve,1
grew,grew,1
forbid,forbid,1
grift,grift,1
grip,grip,1
foo,foo,1
guests,guests,1
followings,followings,1
growth,growth,1
groypers,groypers,1
grupos,grupos,1
follow,follow,1
folk,folk,1
focusing,focusing,1
hammarskjöld,hammarskjöld,1
han,han,1
greg,greg,1
handers,handers,1
firefighters,firefighters,1
fired,fired,1
hasson,hasson,1
finkelstein,finkelstein,1
hated,hated,1
hating,hating,1
hatmaker,hatmaker,1
hauser,hauser,1
hawaii,hawaii,1
hawkins,hawkins,1
hayden,hayden,1
hbomberguy,hbomberguy,1
headline,headline,1
headway,headway,1
health,health,1
healy,healy,1
films,films,1
firing,firing,1
harvey,harvey,1
harsh,harsh,1
happy,happy,1
handgun,handgun,1
hands,hands,1
hannah,hannah,1
flawed,flawed,1
hapon,hapon,1
flaming,flaming,1
happens,happens,1
haq,haq,1
fivejobsivehad,fivejobsivehad,1
flames,flames,1
harbor,harbor,1
harbour,harbour,1
harcol,harcol,1
harm,harm,1
flagged,flagged,1
harper,harper,1
gregor,gregor,1
greenspan,greenspan,1
heater,heater,1
franklin,franklin,1
gay,gay,1
friedberg,friedberg,1
generating,generating,1
friberg,friberg,1
generations,generations,1
genesis,genesis,1
frenkel,frenkel,1
french,french,1
geoffrey,geoffrey,1
geopolitical,geopolitical,1
freemasons,freemasons,1
fredrick,fredrick,1
fredericks,fredericks,1
frederick,frederick,1
frayed,frayed,1
françois,françois,1
franz,franz,1
frog,frog,1
fucking,fucking,1
gas,gas,1
gamelike,gamelike,1
furber,furber,1
furious,furious,1
fusca,fusca,1
fully,fully,1
fulfillment,fulfillment,1
fuentes,fuentes,1
fudali,fudali,1
gamergate,gamergate,1
garrison,garrison,1
gamma,gamma,1
gander,gander,1
gang,gang,1
garci,garci,1
garden,garden,1
gardner,gardner,1
gariépy,gariépy,1
gianluca,gianluca,1
gillespie,gillespie,1
forced,forced,1
gillin,gillin,1
goods,goods,1
formal,formal,1
fork,fork,1
gorman,gorman,1
gosar,gosar,1
got,got,1
gottfried,gottfried,1
govern,govern,1
grace,grace,1
graffiti,graffiti,1
grandmother,grandmother,1
grant,grant,1
granville,granville,1
forever,forever,1
forest,forest,1
forcing,forcing,1
grece,grece,1
formally,formally,1
formed,formed,1
forth,forth,1
founding,founding,1
gimlet,gimlet,1
gina,gina,1
gino,gino,1
girl,girl,1
giuffre,giuffre,1
fourteen,fourteen,1
given,given,1
foster,foster,1
goldy,goldy,1
glaser,glaser,1
glossary,glossary,1
gmo,gmo,1
forwald,forwald,1
forums,forums,1
fortune,fortune,1
forthcoming,forthcoming,1
filmed,filmed,1
heaven,heaven,1
exhorted,exhorted,1
extradition,extradition,1
facing,facing,1
faces,faces,1
immune,immune,1
impact,impact,1
impartial,impartial,1
eyes,eyes,1
imperative,imperative,1
imperium,imperium,1
implied,implied,1
imploding,imploding,1
importance,importance,1
important,important,1
imposed,imposed,1
impressionistic,impressionistic,1
imprisonment,imprisonment,1
inaction,inaction,1
extreme,extreme,1
imagining,imagining,1
imagined,imagined,1
imagine,imagine,1
failures,failures,1
identitaires,identitaires,1
familiar,familiar,1
falls,falls,1
ignorant,ignorant,1
ignore,ignore,1
ignored,ignored,1
fair,fair,1
ilhanmustgo,ilhanmustgo,1
imaginary,imaginary,1
illegal,illegal,1
illegitimate,illegitimate,1
failure,failure,1
illuminati,illuminati,1
fails,fails,1
factor,factor,1
facto,facto,1
extraterrestrial,extraterrestrial,1
incel,incel,1
famine,famine,1
incendiary,incendiary,1
infecting,infecting,1
expecting,expecting,1
expectations,expectations,1
expect,expect,1
expands,expands,1
informed,informed,1
expanded,expanded,1
existing,existing,1
infrastructure,infrastructure,1
initially,initially,1
inner,inner,1
innovator,innovator,1
innuendo,innuendo,1
inquiry,inquiry,1
inquisitr,inquisitr,1
insane,insane,1
exist,exist,1
industrial,industrial,1
experiment,experiment,1
indicted,indicted,1
inclusion,inclusion,1
extracted,extracted,1
extra,extra,1
extols,extols,1
incitement,incitement,1
extends,extends,1
exposing,exposing,1
expose,expose,1
inconsistent,inconsistent,1
explaining,explaining,1
incorrect,incorrect,1
exponents,exponents,1
increased,increased,1
incredible,incredible,1
explicitly,explicitly,1
independence,independence,1
explains,explains,1
identifiers,identifiers,1
famous,famous,1
filled,filled,1
hoffman,hoffman,1
highlights,highlights,1
fever,fever,1
hijacking,hijacking,1
ferrara,ferrara,1
fernández,fernández,1
fernando,fernando,1
himmelman,himmelman,1
hire,hire,1
hired,hired,1
historian,historian,1
ferdinand,ferdinand,1
fema,fema,1
fellowship,fellowship,1
feldscher,feldscher,1
feigned,feigned,1
feels,feels,1
hoaxes,hoaxes,1
highlighting,highlighting,1
highest,highest,1
fiction,fiction,1
fights,fights,1
heavy,heavy,1
hecklers,hecklers,1
heimbach,heimbach,1
held,held,1
helicopters,helicopters,1
hello,hello,1
helm,helm,1
helped,helped,1
higgins,higgins,1
helps,helps,1
fighters,fighters,1
hendrik,hendrik,1
henry,henry,1
fictitious,fictitious,1
hern,hern,1
hernandez,hernandez,1
hodjat,hodjat,1
hofstadter,hofstadter,1
ice,ice,1
hogy,hogy,1
hour,hour,1
fashwave,fashwave,1
howard,howard,1
hrc,hrc,1
huang,huang,1
hub,hub,1
hubs,hubs,1
fascination,fascination,1
farage,farage,1
faqs,faqs,1
hungarian,hungarian,1
hurling,hurling,1
hyde,hyde,1
hypes,hypes,1
fancescani,fancescani,1
hysteria,hysteria,1
ian,ian,1
hotel,hotel,1
hostile,hostile,1
fast,fast,1
homeless,homeless,1
feelings,feelings,1
feeld,feeld,1
holocaust,holocaust,1
featuring,featuring,1
holy,holy,1
features,features,1
homeland,homeland,1
homes,homes,1
father,father,1
homintern,homintern,1
homophobia,homophobia,1
homosexual,homosexual,1
honored,honored,1
fault,fault,1
horns,horns,1
hospital,hospital,1
lot,lot,1
loudon,loudon,1
donors,donors,1
patrice,patrice,1
covered,covered,1
participate,participate,1
participated,participated,1
particular,particular,1
courthouse,courthouse,1
partido,partido,1
parts,parts,1
course,course,1
couple,couple,1
pass,pass,1
passage,passage,1
passport,passport,1
passwords,passwords,1
counting,counting,1
pasted,pasted,1
pastors,pastors,1
counterterrorism,counterterrorism,1
crack,crack,1
parlance,parlance,1
parked,parked,1
craziest,craziest,1
paleoconservatism,paleoconservatism,1
paleolibertarianism,paleolibertarianism,1
palme,palme,1
pan,pan,1
pandemia,pandemia,1
creating,creating,1
panetta,panetta,1
paper,paper,1
paris,paris,1
paraguay,paraguay,1
parallel,parallel,1
paranoia,paranoia,1
paranoid,paranoid,1
parent,parent,1
parentage,parentage,1
parentheses,parentheses,1
patience,patience,1
patrick,patrick,1
credit,credit,1
counted,counted,1
pennsylvania,pennsylvania,1
copied,copied,1
pepe,pepe,1
perceive,perceive,1
percenters,percenters,1
perfect,perfect,1
period,period,1
periods,periods,1
coordination,coordination,1
perkinsforussenate,perkinsforussenate,1
perpetrated,perpetrated,1
coopting,coopting,1
persona,persona,1
personage,personage,1
convinced,convinced,1
personalities,personalities,1
personality,personality,1
peninsula,peninsula,1
copy,copy,1
pen,pen,1
correspond,correspond,1
patriotic,patriotic,1
countdown,countdown,1
pattern,pattern,1
patterns,patterns,1
cosmonauts,cosmonauts,1
correspondent,correspondent,1
pay,pay,1
pc,pc,1
corner,corner,1
pdf,pdf,1
peacefully,peacefully,1
pearl,pearl,1
pederastas,pederastas,1
pedofilok,pedofilok,1
correlated,correlated,1
corporate,corporate,1
creativity,creativity,1
creeping,creeping,1
pet,pet,1
culturealt,culturealt,1
oklahoma,oklahoma,1
cybersecurity,cybersecurity,1
older,older,1
oldest,oldest,1
olga,olga,1
oliphant,oliphant,1
oliver,oliver,1
olof,olof,1
cut,cut,1
custodial,custodial,1
ong,ong,1
curtis,curtis,1
opb,opb,1
currently,currently,1
operative,operative,1
operator,operator,1
curious,curious,1
okay,okay,1
cynthia,cynthia,1
ohlheiser,ohlheiser,1
offered,offered,1
occurred,occurred,1
occurring,occurring,1
occurs,occurs,1
dancer,dancer,1
odalism,odalism,1
odessa,odessa,1
offenders,offenders,1
offers,offers,1
offshoot,offshoot,1
damning,damning,1
dallas,dallas,1
officers,officers,1
dag,dag,1
da,da,1
cómo,cómo,1
offs,offs,1
opponents,opponents,1
opposes,opposes,1
paganism,paganism,1
opposition,opposition,1
oswald,oswald,1
outgoing,outgoing,1
outlandish,outlandish,1
outlast,outlast,1
outlet,outlet,1
outlets,outlets,1
outré,outré,1
criticismpeople,criticismpeople,1
crites,crites,1
cries,cries,1
overwhelming,overwhelming,1
ovide,ovide,1
owen,owen,1
owner,owner,1
oxygen,oxygen,1
crew,crew,1
package,package,1
ortutay,ortutay,1
cross,cross,1
crowdsourced,crowdsourced,1
culminating,culminating,1
opt,opt,1
opv,opv,1
orange,orange,1
orchestrated,orchestrated,1
cultish,cultish,1
orders,orders,1
culmination,culmination,1
organisation,organisation,1
crying,crying,1
culliford,culliford,1
culbertson,culbertson,1
cuckservative,cuckservative,1
cuando,cuando,1
organizing,organizing,1
ctv,ctv,1
cryptoterrestrial,cryptoterrestrial,1
personnel,personnel,1
peter,peter,1
loving,loving,1
preferencia,preferencia,1
fundraising,fundraising,1
praising,praising,1
prank,prank,1
pranks,pranks,1
prayer,prayer,1
concept,concept,1
preaches,preaches,1
precaution,precaution,1
concentric,concentric,1
preceding,preceding,1
precepts,precepts,1
precipitation,precipitation,1
predators,predators,1
predict,predict,1
concentration,concentration,1
computer,computer,1
compound,compound,1
praised,praised,1
pows,pows,1
powell,powell,1
possible,possible,1
poses,poses,1
posing,posing,1
position,position,1
positive,positive,1
posobiec,posobiec,1
possessed,possessed,1
possibility,possibility,1
confirmation,confirmation,1
poway,poway,1
confined,confined,1
confidential,confidential,1
conducted,conducted,1
conditions,conditions,1
concerns,concerns,1
concern,concern,1
pow,pow,1
preelection,preelection,1
preferido,preferido,1
portion,portion,1
premise,premise,1
priestesses,priestesses,1
commons,commons,1
primarily,primarily,1
princes,princes,1
committed,committed,1
proceedings,proceedings,1
produce,produce,1
product,product,1
products,products,1
professor,professor,1
profile,profile,1
profit,profit,1
profiting,profiting,1
progress,progress,1
projection,projection,1
combining,combining,1
prominently,prominently,1
pride,pride,1
previous,previous,1
preview,preview,1
presenting,presenting,1
prendergast,prendergast,1
preparations,preparations,1
prepare,prepare,1
complex,complex,1
competes,competes,1
compares,compares,1
presented,presented,1
presidency,presidency,1
communal,communal,1
comparable,comparable,1
presidents,presidents,1
presley,presley,1
presumably,presumably,1
communication,communication,1
pretending,pretending,1
prevent,prevent,1
portland,portland,1
confirmed,confirmed,1
phantom,phantom,1
constitute,constitute,1
pink,pink,1
continuation,continuation,1
pizza,pizza,1
contingent,contingent,1
pizzeria,pizzeria,1
pj,pj,1
placard,placard,1
contents,contents,1
containing,containing,1
plane,plane,1
planes,planes,1
contacts,contacts,1
plans,plans,1
construed,construed,1
constraint,constraint,1
plausible,plausible,1
constitution,constitution,1
continue,continue,1
pin,pin,1
continuing,continuing,1
photographed,photographed,1
phar,phar,1
pharma,pharma,1
phil,phil,1
controlled,controlled,1
philosophy,philosophy,1
contrapoints,contrapoints,1
contradict,contradict,1
contracted,contracted,1
pier,pier,1
photoshopped,photoshopped,1
phrases,phrases,1
pick,pick,1
picked,picked,1
continuous,continuous,1
pictured,pictured,1
pictures,pictures,1
playbook,playbook,1
played,played,1
conflict,conflict,1
player,player,1
conservatism,conservatism,1
politi,politi,1
consecutively,consecutively,1
connolly,connolly,1
connecting,connecting,1
congregations,congregations,1
congratulations,congratulations,1
polygon,polygon,1
polémica,polémica,1
político,político,1
conger,conger,1
pont,pont,1
confuses,confuses,1
confused,confused,1
population,population,1
populism,populism,1
confronting,confronting,1
considerable,considerable,1
poles,poles,1
polarization,polarization,1
plotted,plotted,1
players,players,1
playing,playing,1
conspire,conspire,1
pleads,pleads,1
conspiratorial,conspiratorial,1
plenty,plenty,1
conspirativo,conspirativo,1
ploy,ploy,1
polantz,polantz,1
podcast,podcast,1
podcaster,podcaster,1
consisting,consisting,1
poetic,poetic,1
consistent,consistent,1
pointed,pointed,1
poisoning,poisoning,1
occupied,occupied,1
darken,darken,1
darkest,darkest,1
diego,diego,1
meetings,meetings,1
discord,discord,1
mega,mega,1
melanie,melanie,1
melissa,melissa,1
meltdown,meltdown,1
melts,melts,1
disclose,disclose,1
disavows,disavows,1
disappointment,disappointment,1
dirty,dirty,1
memories,memories,1
direct,direct,1
difficult,difficult,1
menos,menos,1
difference,difference,1
differed,differed,1
medieval,medieval,1
mechanisms,mechanisms,1
meaning,meaning,1
maury,maury,1
materialise,materialise,1
dismissal,dismissal,1
materials,materials,1
dismiss,dismiss,1
matter,matter,1
dismantling,dismantling,1
dismantle,dismantle,1
disguise,disguise,1
mcnallen,mcnallen,1
mccarthy,mccarthy,1
mccartney,mccartney,1
mcgarrity,mcgarrity,1
mcintosh,mcintosh,1
mckay,mckay,1
mckenna,mckenna,1
mcminnville,mcminnville,1
merch,merch,1
mercury,mercury,1
mate,mate,1
died,died,1
devotee,devotee,1
midterms,midterms,1
migrated,migrated,1
devine,devine,1
devil,devil,1
developments,developments,1
millennial,millennial,1
developer,developer,1
millhiser,millhiser,1
million,million,1
devastating,devastating,1
mills,mills,1
milo,milo,1
mimbs,mimbs,1
mimms,mimms,1
devastated,devastated,1
devan,devan,1
devouring,devouring,1
deznat,deznat,1
dials,dials,1
messiah,messiah,1
merges,merges,1
merkel,merkel,1
merlin,merlin,1
mess,mess,1
die,die,1
diaz,diaz,1
dias,dias,1
meta,meta,1
miami,miami,1
metal,metal,1
metapedia,metapedia,1
methodology,methodology,1
mexican,mexican,1
mexico,mexico,1
mezzofiore,mezzofiore,1
mia,mia,1
dismissed,dismissed,1
matches,matches,1
obsession,obsession,1
diverse,diverse,1
macron,macron,1
maddison,maddison,1
madison,madison,1
madrid,madrid,1
maegan,maegan,1
mafia,mafia,1
domonoske,domonoske,1
dolanescu,dolanescu,1
dogfight,dogfight,1
maine,maine,1
mainly,mainly,1
dni,dni,1
maint,maint,1
dnc,dnc,1
majestic,majestic,1
division,division,1
divination,divination,1
maclean,maclean,1
don,don,1
machine,machine,1
lufkin,lufkin,1
lowell,lowell,1
lower,lower,1
loyalists,loyalists,1
lubbock,lubbock,1
lucian,lucian,1
ludovic,ludovic,1
ludwig,ludwig,1
luke,luke,1
macdonald,macdonald,1
lumumba,lumumba,1
lund,lund,1
lusitania,lusitania,1
lusk,lusk,1
lytvynenko,lytvynenko,1
m,m,1
mac,mac,1
mak,mak,1
divergent,divergent,1
massive,massive,1
disturbing,disturbing,1
marilyn,marilyn,1
disrupted,disrupted,1
disproven,disproven,1
markay,markay,1
marked,marked,1
displaying,displaying,1
markets,markets,1
marshall,marshall,1
martineau,martineau,1
martosko,martosko,1
marxism,marxism,1
marxists,marxists,1
dispensing,dispensing,1
mascots,mascots,1
mason,mason,1
masonic,masonic,1
dispatch,dispatch,1
dissecting,dissecting,1
margot,margot,1
marginal,marginal,1
distance,distance,1
distribution,distribution,1
distanced,distanced,1
managing,managing,1
manchester,manchester,1
manifiestan,manifiestan,1
manipulate,manipulate,1
manosphere,manosphere,1
mantell,mantell,1
margaret,margaret,1
mantle,mantle,1
dissonance,dissonance,1
map,map,1
marauders,marauders,1
marble,marble,1
marc,marc,1
marches,marches,1
ming,ming,1
ministries,ministries,1
ministry,ministry,1
decided,decided,1
defends,defends,1
defend,defend,1
newcomer,newcomer,1
defeats,defeats,1
deepa,deepa,1
newsmax,newsmax,1
decoder,decoder,1
decode,decode,1
nguyen,nguyen,1
nicas,nicas,1
nicholas,nicholas,1
declaring,declaring,1
nieva,nieva,1
nimitz,nimitz,1
ningún,ningún,1
nod,nod,1
nomination,nomination,1
defiance,defiance,1
netherlands,netherlands,1
nepalese,nepalese,1
deliberate,deliberate,1
natural,natural,1
dem,dem,1
navy,navy,1
delighted,delighted,1
nazis,nazis,1
nazism,nazism,1
deliberately,deliberately,1
delete,delete,1
definitely,definitely,1
neave,neave,1
degree,degree,1
neely,neely,1
negative,negative,1
nehlen,nehlen,1
neighborhood,neighborhood,1
neiwert,neiwert,1
declaration,declaration,1
noncitizen,noncitizen,1
deus,deus,1
nonsense,nonsense,1
notorious,notorious,1
nouvelle,nouvelle,1
novel,novel,1
deaths,deaths,1
deandre,deandre,1
nuclear,nuclear,1
numbers,numbers,1
nyce,nyce,1
daughters,daughters,1
daughter,daughter,1
datu,datu,1
object,object,1
obscure,obscure,1
observed,observed,1
daryush,daryush,1
daryle,daryle,1
obsesses,obsesses,1
notipress,notipress,1
debbie,debbie,1
noting,noting,1
northwest,northwest,1
nonsensical,nonsensical,1
norcal,norcal,1
deception,deception,1
decal,decal,1
norman,norman,1
normies,normies,1
decade,decade,1
norway,norway,1
notice,notice,1
nose,nose,1
nostradamus,nostradamus,1
debunking,debunking,1
notably,notably,1
notebook,notebook,1
noted,noted,1
debunked,debunked,1
nativism,nativism,1
nationwide,nationwide,1
nations,nations,1
nationalists,nationalists,1
design,design,1
description,description,1
modo,modo,1
molyneux,molyneux,1
mom,mom,1
moment,moment,1
moms,moms,1
monahan,monahan,1
money,money,1
mongering,mongering,1
monitoring,monitoring,1
monroe,monroe,1
montauk,montauk,1
derbyshire,derbyshire,1
montreal,montreal,1
monument,monument,1
deputies,deputies,1
moderators,moderators,1
desinforma,desinforma,1
mockingbird,mockingbird,1
detail,detail,1
minor,minor,1
minus,minus,1
determined,determined,1
miranda,miranda,1
mirror,mirror,1
detention,detention,1
misinforms,misinforms,1
mission,mission,1
mobus,mobus,1
missives,missives,1
mistakenly,mistakenly,1
mit,mit,1
destiny,destiny,1
mmr,mmr,1
mms,mms,1
despite,despite,1
moore,moore,1
depose,depose,1
morgan,morgan,1
denialism,denialism,1
murderer,murderer,1
murdering,murdering,1
mutnick,mutnick,1
myth,myth,1
denmark,denmark,1
más,más,1
nagle,nagle,1
naming,naming,1
mundane,mundane,1
deniability,deniability,1
dems,dems,1
nasty,nasty,1
natalie,natalie,1
nathan,nathan,1
demand,demand,1
nationalist,nationalist,1
denounces,denounces,1
multiplied,multiplied,1
morlin,morlin,1
deploraball,deploraball,1
morning,morning,1
morphs,morphs,1
mosque,mosque,1
deplorables,deplorables,1
motion,motion,1
deplorable,deplorable,1
motives,motives,1
depicting,depicting,1
multiplicado,multiplicado,1
depicted,depicted,1
departure,departure,1
departmental,departmental,1
mozambican,mozambican,1
ms,ms,1
denying,denying,1
deny,deny,1
藤倉善郎,藤倉善郎,1
